{"cameraMode":{"drawMode":0,"name":"Shaded","section":"Shading Mode"},"sceneLighting":true,"audioPlay":false,"sceneViewState":{"showFog":true,"showMaterialUpdate":false,"showSkybox":true,"showFlares":true,"showImageEffects":true,"showParticleSystems":true},"in2DMode":false,"pivot":{"x":-1.8008708953857422,"y":-5.163483619689941,"z":4.716151714324951},"rotation":{"x":0.3865148425102234,"y":-0.14705748856067658,"z":0.06257446110248566,"w":0.9083370566368103},"size":19.613351821899415,"orthographic":false}