{"cameraMode":{"drawMode":0,"name":"Shaded","section":"Shading Mode"},"sceneLighting":true,"audioPlay":false,"sceneViewState":{"showFog":true,"showMaterialUpdate":false,"showSkybox":true,"showFlares":true,"showImageEffects":true,"showParticleSystems":true},"in2DMode":false,"pivot":{"x":-0.931431770324707,"y":-7.340327262878418,"z":2.223843574523926},"rotation":{"x":0.4549144208431244,"y":-0.14053064584732057,"z":0.07294835150241852,"w":0.8763526678085327},"size":22.382091522216798,"orthographic":false}