{"cameraMode":{"drawMode":0,"name":"Shaded","section":"Shading Mode"},"sceneLighting":true,"audioPlay":false,"sceneViewState":{"showFog":true,"showMaterialUpdate":false,"showSkybox":true,"showFlares":true,"showImageEffects":true,"showParticleSystems":true},"in2DMode":false,"pivot":{"x":-2.7217836380004885,"y":-4.195652008056641,"z":-0.37626197934150698},"rotation":{"x":-0.2872166335582733,"y":0.6467692255973816,"z":-0.28790709376335146,"w":-0.6452203392982483},"size":21.23600196838379,"orthographic":false}